{
  "target": "Nağd_pul_kredit_satışı",
  "features": [
    "PC1",
    "PC2",
    "PC3",
    "PC4",
    "PC5",
    "PC6"
  ],
  "model_type": "Ridge",
  "metrics": {
    "train_r2": 0.8878556868656325,
    "test_r2": 0.37337508287816956,
    "train_rmse": 9950238.25384325,
    "test_rmse": 10048265.281574186,
    "train_mae": 8014924.578179747,
    "test_mae": 7975940.0724889
  },
  "n_features": 6
}