{
  "ml_models": {
    "Ridge (α=1.0)": {
      "filename": "ml_Ridge_α=10.pkl",
      "type": "ml",
      "metrics": {
        "train_r2": 0.8878556868656325,
        "test_r2": 0.37337508287816956,
        "train_rmse": 9950238.25384325,
        "test_rmse": 10048265.281574186,
        "train_mae": 8014924.578179747,
        "test_mae": 7975940.0724889,
        "train_mape": 17.478682745470987,
        "test_mape": 7.578229236278164
      }
    },
    "Ridge (α=10.0)": {
      "filename": "ml_Ridge_α=100.pkl",
      "type": "ml",
      "metrics": {
        "train_r2": 0.8762081512971971,
        "test_r2": 0.3666509384249227,
        "train_rmse": 10454201.738099728,
        "test_rmse": 10102034.046047853,
        "train_mae": 8402333.543509131,
        "test_mae": 8416640.240490668,
        "train_mape": 19.228839955332003,
        "test_mape": 7.878787330637163
      }
    },
    "Lasso (α=1.0)": {
      "filename": "ml_Lasso_α=10.pkl",
      "type": "ml",
      "metrics": {
        "train_r2": 0.8882100271660411,
        "test_r2": 0.4015555186701213,
        "train_rmse": 9934506.025432065,
        "test_rmse": 9819722.054879693,
        "train_mae": 8007687.289849977,
        "test_mae": 7544835.308379147,
        "train_mape": 17.168378722560735,
        "test_mape": 7.131504199814972
      }
    },
    "ElasticNet": {
      "filename": "ml_ElasticNet.pkl",
      "type": "ml",
      "metrics": {
        "train_r2": 0.8777235229225114,
        "test_r2": 0.3664778700981419,
        "train_rmse": 10390018.266020928,
        "test_rmse": 10103414.187595587,
        "train_mae": 8339134.112437506,
        "test_mae": 8297234.381591991,
        "train_mape": 19.06317624009556,
        "test_mape": 7.804258466444609
      }
    },
    "Decision Tree": {
      "filename": "ml_Decision_Tree.pkl",
      "type": "ml",
      "metrics": {
        "train_r2": 0.99945146681515,
        "test_r2": -0.9685575507643294,
        "train_rmse": 695899.148998465,
        "test_rmse": 17809893.40295723,
        "train_mae": 265863.72407407395,
        "test_mae": 16189129.7275,
        "train_mape": 0.24986988297754842,
        "test_mape": 14.589170625567766
      }
    },
    "Random Forest": {
      "filename": "ml_Random_Forest.pkl",
      "type": "ml",
      "metrics": {
        "train_r2": 0.9221873131793374,
        "test_r2": 0.018086801348302983,
        "train_rmse": 8288387.707248804,
        "test_rmse": 12578353.937866274,
        "train_mae": 6265259.629306283,
        "test_mae": 11803690.606077496,
        "train_mape": 15.277357716881204,
        "test_mape": 10.442762310434937
      }
    },
    "Gradient Boosting": {
      "filename": "ml_Gradient_Boosting.pkl",
      "type": "ml",
      "metrics": {
        "train_r2": 0.9999998835965711,
        "test_r2": 0.33597719637715917,
        "train_rmse": 10137.42697875688,
        "test_rmse": 10343767.712812185,
        "train_mae": 9578.9254158608,
        "test_mae": 9420024.103246424,
        "train_mape": 0.01691999894595058,
        "test_mape": 8.697756164541708
      }
    },
    "AdaBoost": {
      "filename": "ml_AdaBoost.pkl",
      "type": "ml",
      "metrics": {
        "train_r2": 0.9951491431968975,
        "test_r2": 0.004032686328784174,
        "train_rmse": 2069445.9095105105,
        "test_rmse": 12668051.054596808,
        "train_mae": 1405104.5615846585,
        "test_mae": 11522151.901083335,
        "train_mape": 1.682017609087677,
        "test_mape": 10.140995291737829
      }
    },
    "XGBoost": {
      "filename": "ml_XGBoost.pkl",
      "type": "ml",
      "metrics": {
        "train_r2": 0.9999717994757507,
        "test_r2": 0.18036168450544765,
        "train_rmse": 157787.80807865286,
        "test_rmse": 11492073.321196523,
        "train_mae": 114914.35166667143,
        "test_mae": 9773051.192500003,
        "train_mape": 0.27787678382348713,
        "test_mape": 8.976805594451907
      }
    },
    "LightGBM": {
      "filename": "ml_LightGBM.pkl",
      "type": "ml",
      "metrics": {
        "train_r2": -4.440892098500626e-16,
        "test_r2": -7.632703466947744,
        "train_rmse": 29712887.061172076,
        "test_rmse": 37295864.104217306,
        "train_mae": 24223954.16722223,
        "test_mae": 35069248.32138889,
        "train_mape": 55.15669012452719,
        "test_mape": 29.937278916437243
      }
    },
    "CatBoost": {
      "filename": "ml_CatBoost.pkl",
      "type": "ml",
      "metrics": {
        "train_r2": 0.9938431313715135,
        "test_r2": -2.2682334169045593,
        "train_rmse": 2331442.9654625864,
        "test_rmse": 22947944.73261619,
        "train_mae": 1839389.1363369003,
        "test_mae": 21176441.08473353,
        "train_mape": 4.118163795365018,
        "test_mape": 18.079983274005333
      }
    },
    "K-Nearest Neighbors": {
      "filename": "ml_K-Nearest_Neighbors.pkl",
      "type": "ml",
      "metrics": {
        "train_r2": 0.7235705948360072,
        "test_r2": -0.8322658867389887,
        "train_rmse": 15622012.170368638,
        "test_rmse": 17182308.413203053,
        "train_mae": 12638360.749222215,
        "test_mae": 14885899.907499984,
        "train_mape": 27.71796084320366,
        "test_mape": 12.415598091292082
      }
    },
    "Support Vector Regression": {
      "filename": "ml_Support_Vector_Regression.pkl",
      "type": "ml",
      "metrics": {
        "train_r2": -0.0010940541231669876,
        "test_r2": -8.066536958473748,
        "train_rmse": 29729136.37128106,
        "test_rmse": 38221522.29721821,
        "train_mae": 24223951.477209665,
        "test_mae": 36052121.5512331,
        "train_mape": 54.466160931132436,
        "test_mape": 30.814414625742103
      }
    }
  },
  "ts_models": {
    "ARIMA(1,1,1)": {
      "filename": "ts_ARIMA111.pkl",
      "type": "timeseries",
      "metrics": {
        "test_r2": -0.1580056252895774,
        "test_rmse": 13659745.147020958,
        "test_mae": 12320672.738627642,
        "test_mape": 11.176387890841161
      }
    },
    "ARIMA(2,1,2)": {
      "filename": "ts_ARIMA212.pkl",
      "type": "timeseries",
      "metrics": {
        "test_r2": -0.1165710639330757,
        "test_rmse": 13413139.66057827,
        "test_mae": 11406975.67756059,
        "test_mape": 10.695993837046657
      }
    },
    "SARIMA(1,1,1)(1,1,1,4)": {
      "filename": "ts_SARIMA1111114.pkl",
      "type": "timeseries",
      "metrics": {
        "test_r2": 0.09495597418258439,
        "test_rmse": 12075972.49351694,
        "test_mae": 11111479.894279625,
        "test_mape": 10.360407935779294
      }
    },
    "SARIMAX(1,1,1)(1,1,1,4)": {
      "filename": "ts_SARIMAX1111114.pkl",
      "type": "timeseries",
      "metrics": {}
    },
    "Holt-Winters": {
      "filename": "ts_Holt-Winters.pkl",
      "type": "timeseries",
      "metrics": {
        "test_r2": 0.42739399738981254,
        "test_rmse": 9605394.588895265,
        "test_mae": 8263522.286099978,
        "test_mape": 7.84603627726681
      }
    }
  },
  "metadata": {
    "total_models": 18,
    "ml_models_count": 13,
    "ts_models_count": 5
  }
}