Dövr,Random_Forest,XGBoost,ARIMA,SARIMA,SARIMAX
2025.0-Q3.0,71537.33739795501,63572.754,95275.20649894969,111386.3169019855,111790.32673709778
2025.0-Q4.0,71566.41106325167,63575.59,95534.34202197092,115263.02033510852,115734.8014298269
2026.0-Q1.0,71149.11362793417,62817.88,97304.60453538204,119796.69328201792,120440.63479674165
2026.0-Q2.0,71537.33739795501,64732.812,98305.04147265833,95346.57183877219,95760.67165256783
