feature,importance
Lag_4,0.33286273
Rolling_Mean_2,0.26207462
Time_Index,0.116903946
Lag_2,0.05835304
Quarter_Cos,0.038863514
Quarter_Sin,0.035373453
Year,0.03132069
Rolling_Std_3,0.027663827
Quarter,0.026335958
Rolling_Std_4,0.017003685
Diff_4,0.015329882
Lag_1,0.010438162
Rolling_Std_2,0.008590097
Lag_3,0.008075371
Rolling_Mean_3,0.0070042657
Diff_1,0.0021114643
Rolling_Mean_4,0.0016952258
