Quarter,Predicted_Sales,Model
2025-Q4,128111673.75600567,ETS
2026-Q1,149274106.1343655,ETS
